<?xml version="1.0" encoding="ISO-8859-1" ?>
<link_info>
   <banner>TI ARM Clang Linker Unix v3.2.1.LTS</banner>
   <copyright>Copyright (c) 1996-2018 Texas Instruments Incorporated</copyright>
   <link_time>0x66c387fc</link_time>
   <link_errors>0x0</link_errors>
   <output_file>/Users/yashmanojmeshram/Desktop/ /sem 7/Embedded Systems/CCS Projects/Lab1/Lab1/Debug/Lab1.out</output_file>
   <entry_point>
      <name>_c_int00_noinit_noargs</name>
      <address>0x79</address>
   </entry_point>
   <input_file_list>
      <input_file id="fl-1">
         <path>/Users/yashmanojmeshram/Desktop/ /sem 7/Embedded Systems/CCS Projects/Lab1/Lab1/Debug/./</path>
         <kind>object</kind>
         <file>main.o</file>
         <name>main.o</name>
      </input_file>
      <input_file id="fl-a">
         <path>/Users/yashmanojmeshram/Desktop/ /sem 7/Embedded Systems/CCS Projects/Lab1/Lab1/Debug/</path>
         <kind>object</kind>
         <file>&lt;internal&gt;</file>
         <name>&lt;internal&gt;</name>
      </input_file>
      <input_file id="fl-7e">
         <path>/Applications/ti/ccs1271/ccs/tools/compiler/ti-cgt-armllvm_3.2.1.LTS/lib/armv7em-ti-none-eabihf/c/</path>
         <kind>archive</kind>
         <file>libc.a</file>
         <name>boot_cortex_m.c.obj</name>
      </input_file>
      <input_file id="fl-7f">
         <path>/Applications/ti/ccs1271/ccs/tools/compiler/ti-cgt-armllvm_3.2.1.LTS/lib/armv7em-ti-none-eabihf/c/</path>
         <kind>archive</kind>
         <file>libc.a</file>
         <name>mathacl_init.c.obj</name>
      </input_file>
      <input_file id="fl-80">
         <path>/Applications/ti/ccs1271/ccs/tools/compiler/ti-cgt-armllvm_3.2.1.LTS/lib/armv7em-ti-none-eabihf/c/</path>
         <kind>archive</kind>
         <file>libc.a</file>
         <name>autoinit.c.obj</name>
      </input_file>
      <input_file id="fl-81">
         <path>/Applications/ti/ccs1271/ccs/tools/compiler/ti-cgt-armllvm_3.2.1.LTS/lib/armv7em-ti-none-eabihf/c/</path>
         <kind>archive</kind>
         <file>libc.a</file>
         <name>pre_init.c.obj</name>
      </input_file>
      <input_file id="fl-82">
         <path>/Applications/ti/ccs1271/ccs/tools/compiler/ti-cgt-armllvm_3.2.1.LTS/lib/armv7em-ti-none-eabihf/c/</path>
         <kind>archive</kind>
         <file>libc.a</file>
         <name>cpy_tbl.c.obj</name>
      </input_file>
      <input_file id="fl-83">
         <path>/Applications/ti/ccs1271/ccs/tools/compiler/ti-cgt-armllvm_3.2.1.LTS/lib/armv7em-ti-none-eabihf/c/</path>
         <kind>archive</kind>
         <file>libc.a</file>
         <name>copy_zero_init.c.obj</name>
      </input_file>
      <input_file id="fl-84">
         <path>/Applications/ti/ccs1271/ccs/tools/compiler/ti-cgt-armllvm_3.2.1.LTS/lib/armv7em-ti-none-eabihf/c/</path>
         <kind>archive</kind>
         <file>libc.a</file>
         <name>copy_decompress_none.c.obj</name>
      </input_file>
      <input_file id="fl-85">
         <path>/Applications/ti/ccs1271/ccs/tools/compiler/ti-cgt-armllvm_3.2.1.LTS/lib/armv7em-ti-none-eabihf/c/</path>
         <kind>archive</kind>
         <file>libc.a</file>
         <name>copy_decompress_lzss.c.obj</name>
      </input_file>
      <input_file id="fl-86">
         <path>/Applications/ti/ccs1271/ccs/tools/compiler/ti-cgt-armllvm_3.2.1.LTS/lib/armv7em-ti-none-eabihf/c/</path>
         <kind>archive</kind>
         <file>libc.a</file>
         <name>exit.c.obj</name>
      </input_file>
      <input_file id="fl-87">
         <path>/Applications/ti/ccs1271/ccs/tools/compiler/ti-cgt-armllvm_3.2.1.LTS/lib/armv7em-ti-none-eabihf/c/</path>
         <kind>archive</kind>
         <file>libc.a</file>
         <name>_lock.c.obj</name>
      </input_file>
      <input_file id="fl-88">
         <path>/Applications/ti/ccs1271/ccs/tools/compiler/ti-cgt-armllvm_3.2.1.LTS/lib/armv7em-ti-none-eabihf/c/</path>
         <kind>archive</kind>
         <file>libc.a</file>
         <name>args_main.c.obj</name>
      </input_file>
      <input_file id="fl-89">
         <path>/Applications/ti/ccs1271/ccs/tools/compiler/ti-cgt-armllvm_3.2.1.LTS/lib/clang/15.0.7/lib/armv7em-ti-none-eabihf/</path>
         <kind>archive</kind>
         <file>libclang_rt.builtins.a</file>
         <name>aeabi_memcpy.S.obj</name>
      </input_file>
      <input_file id="fl-8a">
         <path>/Applications/ti/ccs1271/ccs/tools/compiler/ti-cgt-armllvm_3.2.1.LTS/lib/clang/15.0.7/lib/armv7em-ti-none-eabihf/</path>
         <kind>archive</kind>
         <file>libclang_rt.builtins.a</file>
         <name>aeabi_memset.S.obj</name>
      </input_file>
      <input_file id="fl-8b">
         <path>/Applications/ti/ccs1271/ccs/tools/compiler/ti-cgt-armllvm_3.2.1.LTS/lib/armv7em-ti-none-eabihf/c/</path>
         <kind>archive</kind>
         <file>libc.a</file>
         <name>memcpy_t2.S.obj</name>
      </input_file>
      <input_file id="fl-8c">
         <path>/Applications/ti/ccs1271/ccs/tools/compiler/ti-cgt-armllvm_3.2.1.LTS/lib/armv7em-ti-none-eabihf/c/</path>
         <kind>archive</kind>
         <file>libc.a</file>
         <name>memset_t2.S.obj</name>
      </input_file>
   </input_file_list>
   <object_component_list>
      <object_component id="oc-48">
         <name>.text.main</name>
         <load_address>0x20</load_address>
         <readonly>true</readonly>
         <executable>true</executable>
         <run_address>0x20</run_address>
         <size>0x58</size>
         <alignment>0x4</alignment>
         <input_file_ref idref="fl-1"/>
      </object_component>
      <object_component id="oc-32">
         <name>.text:_c_int00_noinit_noargs</name>
         <load_address>0x78</load_address>
         <readonly>true</readonly>
         <executable>true</executable>
         <run_address>0x78</run_address>
         <size>0x2c</size>
         <alignment>0x4</alignment>
         <input_file_ref idref="fl-7e"/>
      </object_component>
      <object_component id="oc-44">
         <name>.text._system_pre_init</name>
         <load_address>0xa4</load_address>
         <readonly>true</readonly>
         <executable>true</executable>
         <run_address>0xa4</run_address>
         <size>0x4</size>
         <alignment>0x2</alignment>
         <input_file_ref idref="fl-81"/>
      </object_component>
      <object_component id="oc-63">
         <name>.text:abort</name>
         <load_address>0xa8</load_address>
         <readonly>true</readonly>
         <executable>true</executable>
         <run_address>0xa8</run_address>
         <size>0x4</size>
         <alignment>0x2</alignment>
         <input_file_ref idref="fl-86"/>
      </object_component>
      <object_component id="oc-d4">
         <name>__TI_cinit_table</name>
         <load_address>0x20</load_address>
         <readonly>true</readonly>
         <run_address>0x20</run_address>
         <size>0x0</size>
         <alignment>0x4</alignment>
      </object_component>
      <object_component id="oc-62">
         <name>.debug_loc</name>
         <load_address>0x0</load_address>
         <run_address>0x0</run_address>
         <size>0x14</size>
         <alignment>0x1</alignment>
         <input_file_ref idref="fl-1"/>
      </object_component>
      <object_component id="oc-1f">
         <name>.debug_loc</name>
         <load_address>0x14</load_address>
         <run_address>0x14</run_address>
         <size>0xd8</size>
         <alignment>0x1</alignment>
         <input_file_ref idref="fl-7e"/>
      </object_component>
      <object_component id="oc-69">
         <name>.debug_loc</name>
         <load_address>0xec</load_address>
         <run_address>0xec</run_address>
         <size>0x26</size>
         <alignment>0x1</alignment>
         <input_file_ref idref="fl-86"/>
      </object_component>
      <object_component id="oc-60">
         <name>.debug_abbrev</name>
         <load_address>0x0</load_address>
         <run_address>0x0</run_address>
         <size>0x63</size>
         <alignment>0x1</alignment>
         <input_file_ref idref="fl-1"/>
      </object_component>
      <object_component id="oc-1b">
         <name>.debug_abbrev</name>
         <load_address>0x63</load_address>
         <run_address>0x63</run_address>
         <size>0xc3</size>
         <alignment>0x1</alignment>
         <input_file_ref idref="fl-7e"/>
      </object_component>
      <object_component id="oc-5e">
         <name>.debug_abbrev</name>
         <load_address>0x126</load_address>
         <run_address>0x126</run_address>
         <size>0x39</size>
         <alignment>0x1</alignment>
         <input_file_ref idref="fl-81"/>
      </object_component>
      <object_component id="oc-83">
         <name>.debug_abbrev</name>
         <load_address>0x15f</load_address>
         <run_address>0x15f</run_address>
         <size>0xb3</size>
         <alignment>0x1</alignment>
         <input_file_ref idref="fl-86"/>
      </object_component>
      <object_component id="oc-da">
         <name>.debug_abbrev</name>
         <load_address>0x212</load_address>
         <run_address>0x212</run_address>
         <size>0xf</size>
         <alignment>0x0</alignment>
      </object_component>
      <object_component id="oc-49">
         <name>.debug_info</name>
         <load_address>0x0</load_address>
         <run_address>0x0</run_address>
         <size>0x84</size>
         <alignment>0x1</alignment>
         <input_file_ref idref="fl-1"/>
      </object_component>
      <object_component id="oc-7">
         <name>.debug_info</name>
         <load_address>0x84</load_address>
         <run_address>0x84</run_address>
         <size>0x455</size>
         <alignment>0x1</alignment>
         <input_file_ref idref="fl-7e"/>
      </object_component>
      <object_component id="oc-45">
         <name>.debug_info</name>
         <load_address>0x4d9</load_address>
         <run_address>0x4d9</run_address>
         <size>0x46</size>
         <alignment>0x1</alignment>
         <input_file_ref idref="fl-81"/>
      </object_component>
      <object_component id="oc-64">
         <name>.debug_info</name>
         <load_address>0x51f</load_address>
         <run_address>0x51f</run_address>
         <size>0xed</size>
         <alignment>0x1</alignment>
         <input_file_ref idref="fl-86"/>
      </object_component>
      <object_component id="oc-d9">
         <name>.debug_info</name>
         <load_address>0x60c</load_address>
         <run_address>0x60c</run_address>
         <size>0xcb</size>
         <alignment>0x0</alignment>
      </object_component>
      <object_component id="oc-61">
         <name>.debug_str</name>
         <load_address>0x0</load_address>
         <run_address>0x0</run_address>
         <size>0x109</size>
         <alignment>0x1</alignment>
         <input_file_ref idref="fl-1"/>
      </object_component>
      <object_component id="oc-1c">
         <name>.debug_str</name>
         <load_address>0x109</load_address>
         <run_address>0x109</run_address>
         <size>0x250</size>
         <alignment>0x1</alignment>
         <input_file_ref idref="fl-7e"/>
      </object_component>
      <object_component id="oc-5f">
         <name>.debug_str</name>
         <load_address>0x359</load_address>
         <run_address>0x359</run_address>
         <size>0xf9</size>
         <alignment>0x1</alignment>
         <input_file_ref idref="fl-81"/>
      </object_component>
      <object_component id="oc-84">
         <name>.debug_str</name>
         <load_address>0x452</load_address>
         <run_address>0x452</run_address>
         <size>0x143</size>
         <alignment>0x1</alignment>
         <input_file_ref idref="fl-86"/>
      </object_component>
      <object_component id="oc-4a">
         <name>.debug_frame</name>
         <load_address>0x0</load_address>
         <run_address>0x0</run_address>
         <size>0x20</size>
         <alignment>0x4</alignment>
         <input_file_ref idref="fl-1"/>
      </object_component>
      <object_component id="oc-33">
         <name>.debug_frame</name>
         <load_address>0x20</load_address>
         <run_address>0x20</run_address>
         <size>0x90</size>
         <alignment>0x4</alignment>
         <input_file_ref idref="fl-7e"/>
      </object_component>
      <object_component id="oc-46">
         <name>.debug_frame</name>
         <load_address>0xb0</load_address>
         <run_address>0xb0</run_address>
         <size>0x20</size>
         <alignment>0x4</alignment>
         <input_file_ref idref="fl-81"/>
      </object_component>
      <object_component id="oc-66">
         <name>.debug_frame</name>
         <load_address>0xd0</load_address>
         <run_address>0xd0</run_address>
         <size>0x30</size>
         <alignment>0x4</alignment>
         <input_file_ref idref="fl-86"/>
      </object_component>
      <object_component id="oc-4b">
         <name>.debug_line</name>
         <load_address>0x0</load_address>
         <run_address>0x0</run_address>
         <size>0x11f</size>
         <alignment>0x1</alignment>
         <input_file_ref idref="fl-1"/>
      </object_component>
      <object_component id="oc-1d">
         <name>.debug_line</name>
         <load_address>0x11f</load_address>
         <run_address>0x11f</run_address>
         <size>0x1cf</size>
         <alignment>0x1</alignment>
         <input_file_ref idref="fl-7e"/>
      </object_component>
      <object_component id="oc-47">
         <name>.debug_line</name>
         <load_address>0x2ee</load_address>
         <run_address>0x2ee</run_address>
         <size>0x3e</size>
         <alignment>0x1</alignment>
         <input_file_ref idref="fl-81"/>
      </object_component>
      <object_component id="oc-67">
         <name>.debug_line</name>
         <load_address>0x32c</load_address>
         <run_address>0x32c</run_address>
         <size>0x6b</size>
         <alignment>0x1</alignment>
         <input_file_ref idref="fl-86"/>
      </object_component>
      <object_component id="oc-6">
         <name>.stack</name>
         <uninitialized>true</uninitialized>
         <readwrite>true</readwrite>
         <run_address>0xb0</run_address>
         <size>0x4</size>
         <alignment>0x4</alignment>
         <input_file_ref idref="fl-7e"/>
      </object_component>
      <object_component id="oc-d6">
         <name>.stack</name>
         <uninitialized>true</uninitialized>
         <readwrite>true</readwrite>
         <run_address>0xb0</run_address>
         <size>0x0</size>
         <alignment>0x8</alignment>
      </object_component>
      <object_component id="oc-1e">
         <name>.debug_ranges</name>
         <load_address>0x0</load_address>
         <run_address>0x0</run_address>
         <size>0x48</size>
         <alignment>0x1</alignment>
         <input_file_ref idref="fl-7e"/>
      </object_component>
      <object_component id="oc-65">
         <name>.debug_ranges</name>
         <load_address>0x48</load_address>
         <run_address>0x48</run_address>
         <size>0x18</size>
         <alignment>0x1</alignment>
         <input_file_ref idref="fl-86"/>
      </object_component>
   </object_component_list>
   <logical_group_list>
      <logical_group id="lg-99" display="no" color="cyan">
         <name>.text</name>
         <load_address>0x20</load_address>
         <run_address>0x20</run_address>
         <size>0x8c</size>
         <contents>
            <object_component_ref idref="oc-48"/>
            <object_component_ref idref="oc-32"/>
            <object_component_ref idref="oc-44"/>
            <object_component_ref idref="oc-63"/>
         </contents>
      </logical_group>
      <logical_group id="lg-9a" display="no" color="cyan">
         <name>.const</name>
         <run_address>0x0</run_address>
         <size>0x0</size>
         <contents>
         </contents>
      </logical_group>
      <logical_group id="lg-9c" display="no" color="cyan">
         <name>.bss</name>
         <run_address>0x0</run_address>
         <size>0x0</size>
         <contents>
         </contents>
      </logical_group>
      <logical_group id="lg-9d" display="no" color="cyan">
         <name>.cinit</name>
         <load_address>0x20</load_address>
         <run_address>0x20</run_address>
         <size>0x0</size>
         <contents>
            <object_component_ref idref="oc-d4"/>
         </contents>
      </logical_group>
      <logical_group id="lg-9e" display="no" color="cyan">
         <name>.init_array</name>
         <run_address>0x0</run_address>
         <size>0x0</size>
         <contents>
         </contents>
      </logical_group>
      <logical_group id="lg-9f" display="no" color="cyan">
         <name>.TI.noinit</name>
         <run_address>0x0</run_address>
         <size>0x0</size>
         <contents>
         </contents>
      </logical_group>
      <logical_group id="lg-a0" display="no" color="cyan">
         <name>.TI.persistent</name>
         <run_address>0x0</run_address>
         <size>0x0</size>
         <contents>
         </contents>
      </logical_group>
      <logical_group id="lg-a1" display="no" color="cyan">
         <name>.TI.local</name>
         <run_address>0x0</run_address>
         <size>0x0</size>
         <contents>
         </contents>
      </logical_group>
      <logical_group id="lg-a2" display="no" color="cyan">
         <name>.TI.onchip</name>
         <run_address>0x0</run_address>
         <size>0x0</size>
         <contents>
         </contents>
      </logical_group>
      <logical_group id="lg-a3" display="no" color="cyan">
         <name>.TI.offchip</name>
         <run_address>0x0</run_address>
         <size>0x0</size>
         <contents>
         </contents>
      </logical_group>
      <logical_group id="lg-a4" display="no" color="cyan">
         <name>__llvm_prf_cnts</name>
         <run_address>0x20</run_address>
         <size>0x0</size>
         <contents>
         </contents>
      </logical_group>
      <logical_group id="lg-a6" display="no" color="cyan">
         <name>__llvm_prf_bits</name>
         <run_address>0x20</run_address>
         <size>0x0</size>
         <contents>
         </contents>
      </logical_group>
      <logical_group id="lg-b5" display="never" color="cyan">
         <name>.debug_loc</name>
         <load_address>0x0</load_address>
         <run_address>0x0</run_address>
         <size>0x112</size>
         <contents>
            <object_component_ref idref="oc-62"/>
            <object_component_ref idref="oc-1f"/>
            <object_component_ref idref="oc-69"/>
         </contents>
      </logical_group>
      <logical_group id="lg-b7" display="never" color="cyan">
         <name>.debug_abbrev</name>
         <load_address>0x0</load_address>
         <run_address>0x0</run_address>
         <size>0x221</size>
         <contents>
            <object_component_ref idref="oc-60"/>
            <object_component_ref idref="oc-1b"/>
            <object_component_ref idref="oc-5e"/>
            <object_component_ref idref="oc-83"/>
            <object_component_ref idref="oc-da"/>
         </contents>
      </logical_group>
      <logical_group id="lg-b9" display="never" color="cyan">
         <name>.debug_info</name>
         <load_address>0x0</load_address>
         <run_address>0x0</run_address>
         <size>0x6d7</size>
         <contents>
            <object_component_ref idref="oc-49"/>
            <object_component_ref idref="oc-7"/>
            <object_component_ref idref="oc-45"/>
            <object_component_ref idref="oc-64"/>
            <object_component_ref idref="oc-d9"/>
         </contents>
      </logical_group>
      <logical_group id="lg-bb" display="never" color="cyan">
         <name>.debug_str</name>
         <load_address>0x0</load_address>
         <run_address>0x0</run_address>
         <size>0x595</size>
         <contents>
            <object_component_ref idref="oc-61"/>
            <object_component_ref idref="oc-1c"/>
            <object_component_ref idref="oc-5f"/>
            <object_component_ref idref="oc-84"/>
         </contents>
      </logical_group>
      <logical_group id="lg-bd" display="never" color="cyan">
         <name>.debug_frame</name>
         <load_address>0x0</load_address>
         <run_address>0x0</run_address>
         <size>0x100</size>
         <contents>
            <object_component_ref idref="oc-4a"/>
            <object_component_ref idref="oc-33"/>
            <object_component_ref idref="oc-46"/>
            <object_component_ref idref="oc-66"/>
         </contents>
      </logical_group>
      <logical_group id="lg-bf" display="never" color="cyan">
         <name>.debug_line</name>
         <load_address>0x0</load_address>
         <run_address>0x0</run_address>
         <size>0x397</size>
         <contents>
            <object_component_ref idref="oc-4b"/>
            <object_component_ref idref="oc-1d"/>
            <object_component_ref idref="oc-47"/>
            <object_component_ref idref="oc-67"/>
         </contents>
      </logical_group>
      <logical_group id="lg-c1" display="no" color="cyan">
         <name>.stack</name>
         <run_address>0xb0</run_address>
         <size>0x800</size>
         <contents>
            <object_component_ref idref="oc-6"/>
            <object_component_ref idref="oc-d6"/>
         </contents>
      </logical_group>
      <logical_group id="lg-c3" display="never" color="cyan">
         <name>.debug_ranges</name>
         <load_address>0x0</load_address>
         <run_address>0x0</run_address>
         <size>0x60</size>
         <contents>
            <object_component_ref idref="oc-1e"/>
            <object_component_ref idref="oc-65"/>
         </contents>
      </logical_group>
      <logical_group id="lg-d5" display="no" color="cyan">
         <name>Veneer$$CMSE</name>
         <run_address>0x0</run_address>
         <size>0x0</size>
         <contents>
         </contents>
      </logical_group>
      <load_segment id="lg-db" display="no" color="cyan">
         <name>SEGMENT_0</name>
         <load_address>0x20</load_address>
         <run_address>0x20</run_address>
         <size>0x8c</size>
         <flags>0x5</flags>
         <contents>
            <logical_group_ref idref="lg-99"/>
         </contents>
      </load_segment>
      <load_segment id="lg-dc" display="no" color="cyan">
         <name>SEGMENT_1</name>
         <run_address>0xb0</run_address>
         <size>0x800</size>
         <flags>0x6</flags>
         <contents>
            <logical_group_ref idref="lg-c1"/>
         </contents>
      </load_segment>
   </logical_group_list>
   <placement_map>
      <memory_area display="yes" color="green">
         <name>RAM</name>
         <page_id>0x0</page_id>
         <origin>0x20</origin>
         <length>0xffffffe0</length>
         <used_space>0x88c</used_space>
         <unused_space>0xfffff754</unused_space>
         <attributes>RWIX</attributes>
         <usage_details>
            <allocated_space>
               <start_address>0x20</start_address>
               <size>0x0</size>
               <logical_group_ref idref="lg-9d"/>
            </allocated_space>
            <allocated_space>
               <start_address>0x20</start_address>
               <size>0x0</size>
               <logical_group_ref idref="lg-a4"/>
            </allocated_space>
            <allocated_space>
               <start_address>0x20</start_address>
               <size>0x0</size>
               <logical_group_ref idref="lg-a6"/>
            </allocated_space>
            <allocated_space>
               <start_address>0x20</start_address>
               <size>0x8c</size>
               <logical_group_ref idref="lg-99"/>
            </allocated_space>
            <available_space>
               <start_address>0xac</start_address>
               <size>0x4</size>
            </available_space>
            <allocated_space>
               <start_address>0xb0</start_address>
               <size>0x800</size>
               <logical_group_ref idref="lg-c1"/>
            </allocated_space>
            <available_space>
               <start_address>0x8b0</start_address>
               <size>0xfffff750</size>
            </available_space>
         </usage_details>
      </memory_area>
   </placement_map>
   <symbol_table>
      <symbol id="sm-1">
         <name>__start___llvm_prf_cnts</name>
         <value>0x20</value>
      </symbol>
      <symbol id="sm-2">
         <name>__stop___llvm_prf_cnts</name>
         <value>0x20</value>
      </symbol>
      <symbol id="sm-3">
         <name>__start___llvm_prf_bits</name>
         <value>0x20</value>
      </symbol>
      <symbol id="sm-4">
         <name>__stop___llvm_prf_bits</name>
         <value>0x20</value>
      </symbol>
      <symbol id="sm-5">
         <name>__TI_CINIT_Base</name>
         <value>0x20</value>
      </symbol>
      <symbol id="sm-6">
         <name>__TI_CINIT_Limit</name>
         <value>0x20</value>
      </symbol>
      <symbol id="sm-7">
         <name>__TI_CINIT_Warm</name>
         <value>0x20</value>
      </symbol>
      <symbol id="sm-8">
         <name>binit</name>
         <value>0xffffffff</value>
      </symbol>
      <symbol id="sm-9">
         <name>__binit__</name>
         <value>0xffffffff</value>
      </symbol>
      <symbol id="sm-a">
         <name>__STACK_SIZE</name>
         <value>0x800</value>
      </symbol>
      <symbol id="sm-b">
         <name>__STACK_END</name>
         <value>0x8b0</value>
      </symbol>
      <symbol id="sm-c">
         <name>__TI_pprof_out_hndl</name>
         <value>0xffffffff</value>
      </symbol>
      <symbol id="sm-d">
         <name>__TI_prof_data_start</name>
         <value>0xffffffff</value>
      </symbol>
      <symbol id="sm-e">
         <name>__TI_prof_data_size</name>
         <value>0xffffffff</value>
      </symbol>
      <symbol id="sm-f">
         <name>__TI_static_base__</name>
         <value>0x20</value>
      </symbol>
      <symbol id="sm-2d">
         <name>main</name>
         <value>0x21</value>
         <object_component_ref idref="oc-48"/>
      </symbol>
      <symbol id="sm-2e">
         <name>__TI_ATRegion0_src_addr</name>
         <value>0x0</value>
      </symbol>
      <symbol id="sm-2f">
         <name>__TI_ATRegion0_trg_addr</name>
         <value>0x0</value>
      </symbol>
      <symbol id="sm-30">
         <name>__TI_ATRegion0_region_sz</name>
         <value>0x0</value>
      </symbol>
      <symbol id="sm-31">
         <name>__TI_ATRegion1_src_addr</name>
         <value>0x0</value>
      </symbol>
      <symbol id="sm-32">
         <name>__TI_ATRegion1_trg_addr</name>
         <value>0x0</value>
      </symbol>
      <symbol id="sm-33">
         <name>__TI_ATRegion1_region_sz</name>
         <value>0x0</value>
      </symbol>
      <symbol id="sm-34">
         <name>__TI_ATRegion2_src_addr</name>
         <value>0x0</value>
      </symbol>
      <symbol id="sm-35">
         <name>__TI_ATRegion2_trg_addr</name>
         <value>0x0</value>
      </symbol>
      <symbol id="sm-36">
         <name>__TI_ATRegion2_region_sz</name>
         <value>0x0</value>
      </symbol>
      <symbol id="sm-42">
         <name>_c_int00_noinit_noargs</name>
         <value>0x79</value>
         <object_component_ref idref="oc-32"/>
      </symbol>
      <symbol id="sm-43">
         <name>__stack</name>
         <value>0xb0</value>
         <object_component_ref idref="oc-6"/>
      </symbol>
      <symbol id="sm-4d">
         <name>_system_pre_init</name>
         <value>0xa5</value>
         <object_component_ref idref="oc-44"/>
      </symbol>
      <symbol id="sm-5b">
         <name>abort</name>
         <value>0xa9</value>
         <object_component_ref idref="oc-63"/>
      </symbol>
      <symbol id="sm-5c">
         <name>C$$EXIT</name>
         <value>0xa8</value>
         <object_component_ref idref="oc-63"/>
      </symbol>
      <symbol id="sm-5f">
         <name>__mpu_init</name>
         <value>0x0</value>
      </symbol>
   </symbol_table>
   <title>Link successful</title>
</link_info>
