<?xml version="1.0" encoding="ISO-8859-1" ?>
<link_info>
   <banner>TI ARM Linker Unix v20.2.7.LTS</banner>
   <copyright>Copyright (c) 1996-2018 Texas Instruments Incorporated</copyright>
   <link_time>0x66c744af</link_time>
   <link_errors>0x0</link_errors>
   <output_file>Lab1.out</output_file>
   <entry_point>
      <name>_c_int00_noinit_noargs</name>
      <address>0xdd</address>
   </entry_point>
   <input_file_list>
      <input_file id="fl-1">
         <path>./</path>
         <kind>object</kind>
         <file>main.obj</file>
         <name>main.obj</name>
      </input_file>
      <input_file id="fl-2">
         <path>./</path>
         <kind>object</kind>
         <file>tm4c123gh6pm_startup_ccs.obj</file>
         <name>tm4c123gh6pm_startup_ccs.obj</name>
      </input_file>
      <input_file id="fl-5">
         <kind>object</kind>
         <file>&lt;internal&gt;</file>
         <name>&lt;internal&gt;</name>
      </input_file>
      <input_file id="fl-bb">
         <path>/Applications/ti/ccs1271/ccs/tools/compiler/ti-cgt-arm_20.2.7.LTS/lib/</path>
         <kind>archive</kind>
         <file>rtsv7M4_T_le_v4SPD16_eabi.lib</file>
         <name>copy_zero_init.c.obj</name>
      </input_file>
      <input_file id="fl-bc">
         <path>/Applications/ti/ccs1271/ccs/tools/compiler/ti-cgt-arm_20.2.7.LTS/lib/</path>
         <kind>archive</kind>
         <file>rtsv7M4_T_le_v4SPD16_eabi.lib</file>
         <name>copy_decompress_none.c.obj</name>
      </input_file>
      <input_file id="fl-bd">
         <path>/Applications/ti/ccs1271/ccs/tools/compiler/ti-cgt-arm_20.2.7.LTS/lib/</path>
         <kind>archive</kind>
         <file>rtsv7M4_T_le_v4SPD16_eabi.lib</file>
         <name>copy_decompress_lzss.c.obj</name>
      </input_file>
      <input_file id="fl-be">
         <path>/Applications/ti/ccs1271/ccs/tools/compiler/ti-cgt-arm_20.2.7.LTS/lib/</path>
         <kind>archive</kind>
         <file>rtsv7M4_T_le_v4SPD16_eabi.lib</file>
         <name>boot_cortex_m.c.obj</name>
      </input_file>
      <input_file id="fl-bf">
         <path>/Applications/ti/ccs1271/ccs/tools/compiler/ti-cgt-arm_20.2.7.LTS/lib/</path>
         <kind>archive</kind>
         <file>rtsv7M4_T_le_v4SPD16_eabi.lib</file>
         <name>memcpy_t2.asm.obj</name>
      </input_file>
      <input_file id="fl-c0">
         <path>/Applications/ti/ccs1271/ccs/tools/compiler/ti-cgt-arm_20.2.7.LTS/lib/</path>
         <kind>archive</kind>
         <file>rtsv7M4_T_le_v4SPD16_eabi.lib</file>
         <name>memset_t2.asm.obj</name>
      </input_file>
      <input_file id="fl-c1">
         <path>/Applications/ti/ccs1271/ccs/tools/compiler/ti-cgt-arm_20.2.7.LTS/lib/</path>
         <kind>archive</kind>
         <file>rtsv7M4_T_le_v4SPD16_eabi.lib</file>
         <name>autoinit.c.obj</name>
      </input_file>
      <input_file id="fl-c2">
         <path>/Applications/ti/ccs1271/ccs/tools/compiler/ti-cgt-arm_20.2.7.LTS/lib/</path>
         <kind>archive</kind>
         <file>rtsv7M4_T_le_v4SPD16_eabi.lib</file>
         <name>pre_init.c.obj</name>
      </input_file>
      <input_file id="fl-c3">
         <path>/Applications/ti/ccs1271/ccs/tools/compiler/ti-cgt-arm_20.2.7.LTS/lib/</path>
         <kind>archive</kind>
         <file>rtsv7M4_T_le_v4SPD16_eabi.lib</file>
         <name>cpy_tbl.c.obj</name>
      </input_file>
      <input_file id="fl-c4">
         <path>/Applications/ti/ccs1271/ccs/tools/compiler/ti-cgt-arm_20.2.7.LTS/lib/</path>
         <kind>archive</kind>
         <file>rtsv7M4_T_le_v4SPD16_eabi.lib</file>
         <name>exit.c.obj</name>
      </input_file>
      <input_file id="fl-c5">
         <path>/Applications/ti/ccs1271/ccs/tools/compiler/ti-cgt-arm_20.2.7.LTS/lib/</path>
         <kind>archive</kind>
         <file>rtsv7M4_T_le_v4SPD16_eabi.lib</file>
         <name>_lock.c.obj</name>
      </input_file>
      <input_file id="fl-c6">
         <path>/Applications/ti/ccs1271/ccs/tools/compiler/ti-cgt-arm_20.2.7.LTS/lib/</path>
         <kind>archive</kind>
         <file>rtsv7M4_T_le_v4SPD16_eabi.lib</file>
         <name>args_main.c.obj</name>
      </input_file>
   </input_file_list>
   <object_component_list>
      <object_component id="oc-75">
         <name>.text</name>
         <load_address>0x20</load_address>
         <run_address>0x20</run_address>
         <size>0xbc</size>
         <input_file_ref idref="fl-1"/>
      </object_component>
      <object_component id="oc-3a">
         <name>.text:_c_int00_noinit_noargs:_c_int00_noinit_noargs</name>
         <load_address>0xdc</load_address>
         <run_address>0xdc</run_address>
         <size>0x2c</size>
         <input_file_ref idref="fl-be"/>
      </object_component>
      <object_component id="oc-6f">
         <name>.text:_system_pre_init</name>
         <load_address>0x108</load_address>
         <run_address>0x108</run_address>
         <size>0x4</size>
         <input_file_ref idref="fl-c2"/>
      </object_component>
      <object_component id="oc-98">
         <name>.text:abort:abort</name>
         <load_address>0x10c</load_address>
         <run_address>0x10c</run_address>
         <size>0x4</size>
         <input_file_ref idref="fl-c4"/>
      </object_component>
      <object_component id="oc-76">
         <name>.debug_info</name>
         <load_address>0x0</load_address>
         <run_address>0x0</run_address>
         <size>0x126</size>
         <input_file_ref idref="fl-1"/>
      </object_component>
      <object_component id="oc-1d">
         <name>.debug_info</name>
         <load_address>0x126</load_address>
         <run_address>0x126</run_address>
         <size>0x84</size>
         <input_file_ref idref="fl-1"/>
      </object_component>
      <object_component id="oc-15">
         <name>.debug_info</name>
         <load_address>0x1aa</load_address>
         <run_address>0x1aa</run_address>
         <size>0x10b</size>
         <input_file_ref idref="fl-be"/>
      </object_component>
      <object_component id="oc-3b">
         <name>.debug_info</name>
         <load_address>0x2b5</load_address>
         <run_address>0x2b5</run_address>
         <size>0x1a2</size>
         <input_file_ref idref="fl-be"/>
      </object_component>
      <object_component id="oc-70">
         <name>.debug_info</name>
         <load_address>0x457</load_address>
         <run_address>0x457</run_address>
         <size>0x153</size>
         <input_file_ref idref="fl-c2"/>
      </object_component>
      <object_component id="oc-99">
         <name>.debug_info</name>
         <load_address>0x5aa</load_address>
         <run_address>0x5aa</run_address>
         <size>0x122</size>
         <input_file_ref idref="fl-c4"/>
      </object_component>
      <object_component id="oc-157">
         <name>.debug_info</name>
         <load_address>0x6cc</load_address>
         <run_address>0x6cc</run_address>
         <size>0xca</size>
      </object_component>
      <object_component id="oc-79">
         <name>.debug_line</name>
         <load_address>0x0</load_address>
         <run_address>0x0</run_address>
         <size>0x8e</size>
         <input_file_ref idref="fl-1"/>
      </object_component>
      <object_component id="oc-20">
         <name>.debug_line</name>
         <load_address>0x8e</load_address>
         <run_address>0x8e</run_address>
         <size>0x20</size>
         <input_file_ref idref="fl-1"/>
      </object_component>
      <object_component id="oc-53">
         <name>.debug_line</name>
         <load_address>0xae</load_address>
         <run_address>0xae</run_address>
         <size>0x33</size>
         <input_file_ref idref="fl-be"/>
      </object_component>
      <object_component id="oc-3e">
         <name>.debug_line</name>
         <load_address>0xe1</load_address>
         <run_address>0xe1</run_address>
         <size>0x48</size>
         <input_file_ref idref="fl-be"/>
      </object_component>
      <object_component id="oc-73">
         <name>.debug_line</name>
         <load_address>0x129</load_address>
         <run_address>0x129</run_address>
         <size>0x40</size>
         <input_file_ref idref="fl-c2"/>
      </object_component>
      <object_component id="oc-9c">
         <name>.debug_line</name>
         <load_address>0x169</load_address>
         <run_address>0x169</run_address>
         <size>0x3c</size>
         <input_file_ref idref="fl-c4"/>
      </object_component>
      <object_component id="oc-7a">
         <name>.debug_frame</name>
         <load_address>0x0</load_address>
         <run_address>0x0</run_address>
         <size>0x58</size>
         <input_file_ref idref="fl-1"/>
      </object_component>
      <object_component id="oc-3f">
         <name>.debug_frame</name>
         <load_address>0x58</load_address>
         <run_address>0x58</run_address>
         <size>0x50</size>
         <input_file_ref idref="fl-be"/>
      </object_component>
      <object_component id="oc-74">
         <name>.debug_frame</name>
         <load_address>0xa8</load_address>
         <run_address>0xa8</run_address>
         <size>0x54</size>
         <input_file_ref idref="fl-c2"/>
      </object_component>
      <object_component id="oc-9d">
         <name>.debug_frame</name>
         <load_address>0xfc</load_address>
         <run_address>0xfc</run_address>
         <size>0x54</size>
         <input_file_ref idref="fl-c4"/>
      </object_component>
      <object_component id="oc-97">
         <name>.debug_abbrev</name>
         <load_address>0x0</load_address>
         <run_address>0x0</run_address>
         <size>0x54</size>
         <input_file_ref idref="fl-1"/>
      </object_component>
      <object_component id="oc-1f">
         <name>.debug_abbrev</name>
         <load_address>0x54</load_address>
         <run_address>0x54</run_address>
         <size>0x1f</size>
         <input_file_ref idref="fl-1"/>
      </object_component>
      <object_component id="oc-52">
         <name>.debug_abbrev</name>
         <load_address>0x73</load_address>
         <run_address>0x73</run_address>
         <size>0x29</size>
         <input_file_ref idref="fl-be"/>
      </object_component>
      <object_component id="oc-7c">
         <name>.debug_abbrev</name>
         <load_address>0x9c</load_address>
         <run_address>0x9c</run_address>
         <size>0x55</size>
         <input_file_ref idref="fl-be"/>
      </object_component>
      <object_component id="oc-96">
         <name>.debug_abbrev</name>
         <load_address>0xf1</load_address>
         <run_address>0xf1</run_address>
         <size>0x55</size>
         <input_file_ref idref="fl-c2"/>
      </object_component>
      <object_component id="oc-d6">
         <name>.debug_abbrev</name>
         <load_address>0x146</load_address>
         <run_address>0x146</run_address>
         <size>0x45</size>
         <input_file_ref idref="fl-c4"/>
      </object_component>
      <object_component id="oc-158">
         <name>.debug_abbrev</name>
         <load_address>0x18b</load_address>
         <run_address>0x18b</run_address>
         <size>0xf</size>
      </object_component>
      <object_component id="oc-21">
         <name>.debug_str</name>
         <load_address>0x0</load_address>
         <run_address>0x0</run_address>
         <size>0xff</size>
         <input_file_ref idref="fl-1"/>
      </object_component>
      <object_component id="oc-77">
         <name>.debug_aranges</name>
         <load_address>0x0</load_address>
         <run_address>0x0</run_address>
         <size>0x20</size>
         <input_file_ref idref="fl-1"/>
      </object_component>
      <object_component id="oc-3c">
         <name>.debug_aranges</name>
         <load_address>0x20</load_address>
         <run_address>0x20</run_address>
         <size>0x20</size>
         <input_file_ref idref="fl-be"/>
      </object_component>
      <object_component id="oc-71">
         <name>.debug_aranges</name>
         <load_address>0x40</load_address>
         <run_address>0x40</run_address>
         <size>0x20</size>
         <input_file_ref idref="fl-c2"/>
      </object_component>
      <object_component id="oc-9a">
         <name>.debug_aranges</name>
         <load_address>0x60</load_address>
         <run_address>0x60</run_address>
         <size>0x20</size>
         <input_file_ref idref="fl-c4"/>
      </object_component>
      <object_component id="oc-78">
         <name>.debug_pubnames</name>
         <load_address>0x0</load_address>
         <run_address>0x0</run_address>
         <size>0x1b</size>
         <input_file_ref idref="fl-1"/>
      </object_component>
      <object_component id="oc-16">
         <name>.debug_pubnames</name>
         <load_address>0x1b</load_address>
         <run_address>0x1b</run_address>
         <size>0x1e</size>
         <input_file_ref idref="fl-be"/>
      </object_component>
      <object_component id="oc-3d">
         <name>.debug_pubnames</name>
         <load_address>0x39</load_address>
         <run_address>0x39</run_address>
         <size>0x2d</size>
         <input_file_ref idref="fl-be"/>
      </object_component>
      <object_component id="oc-72">
         <name>.debug_pubnames</name>
         <load_address>0x66</load_address>
         <run_address>0x66</run_address>
         <size>0x27</size>
         <input_file_ref idref="fl-c2"/>
      </object_component>
      <object_component id="oc-9b">
         <name>.debug_pubnames</name>
         <load_address>0x8d</load_address>
         <run_address>0x8d</run_address>
         <size>0x1c</size>
         <input_file_ref idref="fl-c4"/>
      </object_component>
      <object_component id="oc-1e">
         <name>.debug_pubtypes</name>
         <load_address>0x0</load_address>
         <run_address>0x0</run_address>
         <size>0xed</size>
         <input_file_ref idref="fl-1"/>
      </object_component>
      <object_component id="oc-14">
         <name>.stack</name>
         <uninitialized>true</uninitialized>
         <run_address>0x110</run_address>
         <size>0x4</size>
         <input_file_ref idref="fl-be"/>
      </object_component>
      <object_component id="oc-154">
         <name>.stack</name>
         <uninitialized>true</uninitialized>
         <run_address>0x110</run_address>
         <size>0x0</size>
      </object_component>
   </object_component_list>
   <logical_group_list>
      <logical_group id="lg-126" display="no" color="cyan">
         <name>.text</name>
         <load_address>0x20</load_address>
         <run_address>0x20</run_address>
         <size>0xf0</size>
         <contents>
            <object_component_ref idref="oc-75"/>
            <object_component_ref idref="oc-3a"/>
            <object_component_ref idref="oc-6f"/>
            <object_component_ref idref="oc-98"/>
         </contents>
      </logical_group>
      <logical_group id="lg-127" display="no" color="cyan">
         <name>.const</name>
         <run_address>0x0</run_address>
         <size>0x0</size>
         <contents>
         </contents>
      </logical_group>
      <logical_group id="lg-129" display="no" color="cyan">
         <name>.bss</name>
         <run_address>0x0</run_address>
         <size>0x0</size>
         <contents>
         </contents>
      </logical_group>
      <logical_group id="lg-12b" display="no" color="cyan">
         <name>.init_array</name>
         <run_address>0x0</run_address>
         <size>0x0</size>
         <contents>
         </contents>
      </logical_group>
      <logical_group id="lg-12c" display="no" color="cyan">
         <name>.TI.noinit</name>
         <run_address>0x0</run_address>
         <size>0x0</size>
         <contents>
         </contents>
      </logical_group>
      <logical_group id="lg-12d" display="no" color="cyan">
         <name>.TI.persistent</name>
         <run_address>0x0</run_address>
         <size>0x0</size>
         <contents>
         </contents>
      </logical_group>
      <logical_group id="lg-12e" display="no" color="cyan">
         <name>__llvm_prf_cnts</name>
         <run_address>0x20</run_address>
         <size>0x0</size>
         <contents>
         </contents>
      </logical_group>
      <logical_group id="lg-138" display="never" color="cyan">
         <name>.debug_info</name>
         <load_address>0x0</load_address>
         <run_address>0x0</run_address>
         <size>0x796</size>
         <contents>
            <object_component_ref idref="oc-76"/>
            <object_component_ref idref="oc-1d"/>
            <object_component_ref idref="oc-15"/>
            <object_component_ref idref="oc-3b"/>
            <object_component_ref idref="oc-70"/>
            <object_component_ref idref="oc-99"/>
            <object_component_ref idref="oc-157"/>
         </contents>
      </logical_group>
      <logical_group id="lg-13a" display="never" color="cyan">
         <name>.debug_line</name>
         <load_address>0x0</load_address>
         <run_address>0x0</run_address>
         <size>0x1a5</size>
         <contents>
            <object_component_ref idref="oc-79"/>
            <object_component_ref idref="oc-20"/>
            <object_component_ref idref="oc-53"/>
            <object_component_ref idref="oc-3e"/>
            <object_component_ref idref="oc-73"/>
            <object_component_ref idref="oc-9c"/>
         </contents>
      </logical_group>
      <logical_group id="lg-13c" display="never" color="cyan">
         <name>.debug_frame</name>
         <load_address>0x0</load_address>
         <run_address>0x0</run_address>
         <size>0x150</size>
         <contents>
            <object_component_ref idref="oc-7a"/>
            <object_component_ref idref="oc-3f"/>
            <object_component_ref idref="oc-74"/>
            <object_component_ref idref="oc-9d"/>
         </contents>
      </logical_group>
      <logical_group id="lg-13e" display="never" color="cyan">
         <name>.debug_abbrev</name>
         <load_address>0x0</load_address>
         <run_address>0x0</run_address>
         <size>0x19a</size>
         <contents>
            <object_component_ref idref="oc-97"/>
            <object_component_ref idref="oc-1f"/>
            <object_component_ref idref="oc-52"/>
            <object_component_ref idref="oc-7c"/>
            <object_component_ref idref="oc-96"/>
            <object_component_ref idref="oc-d6"/>
            <object_component_ref idref="oc-158"/>
         </contents>
      </logical_group>
      <logical_group id="lg-140" display="never" color="cyan">
         <name>.debug_str</name>
         <load_address>0x0</load_address>
         <run_address>0x0</run_address>
         <size>0xff</size>
         <contents>
            <object_component_ref idref="oc-21"/>
         </contents>
      </logical_group>
      <logical_group id="lg-142" display="never" color="cyan">
         <name>.debug_aranges</name>
         <load_address>0x0</load_address>
         <run_address>0x0</run_address>
         <size>0x80</size>
         <contents>
            <object_component_ref idref="oc-77"/>
            <object_component_ref idref="oc-3c"/>
            <object_component_ref idref="oc-71"/>
            <object_component_ref idref="oc-9a"/>
         </contents>
      </logical_group>
      <logical_group id="lg-144" display="never" color="cyan">
         <name>.debug_pubnames</name>
         <load_address>0x0</load_address>
         <run_address>0x0</run_address>
         <size>0xa9</size>
         <contents>
            <object_component_ref idref="oc-78"/>
            <object_component_ref idref="oc-16"/>
            <object_component_ref idref="oc-3d"/>
            <object_component_ref idref="oc-72"/>
            <object_component_ref idref="oc-9b"/>
         </contents>
      </logical_group>
      <logical_group id="lg-146" display="never" color="cyan">
         <name>.debug_pubtypes</name>
         <load_address>0x0</load_address>
         <run_address>0x0</run_address>
         <size>0xed</size>
         <contents>
            <object_component_ref idref="oc-1e"/>
         </contents>
      </logical_group>
      <logical_group id="lg-14a" display="no" color="cyan">
         <name>.stack</name>
         <run_address>0x110</run_address>
         <size>0x200</size>
         <contents>
            <object_component_ref idref="oc-14"/>
            <object_component_ref idref="oc-154"/>
         </contents>
      </logical_group>
      <logical_group id="lg-153" display="no" color="cyan">
         <name>Veneer$$CMSE</name>
         <run_address>0x0</run_address>
         <size>0x0</size>
         <contents>
         </contents>
      </logical_group>
      <load_segment id="lg-159" display="no" color="cyan">
         <name>SEGMENT_0</name>
         <load_address>0x20</load_address>
         <run_address>0x20</run_address>
         <size>0xf0</size>
         <flags>0x5</flags>
         <contents>
            <logical_group_ref idref="lg-126"/>
         </contents>
      </load_segment>
      <load_segment id="lg-15a" display="no" color="cyan">
         <name>SEGMENT_1</name>
         <run_address>0x110</run_address>
         <size>0x200</size>
         <flags>0x6</flags>
         <contents>
            <logical_group_ref idref="lg-14a"/>
         </contents>
      </load_segment>
   </logical_group_list>
   <placement_map>
      <memory_area display="yes" color="green">
         <name>RAM</name>
         <page_id>0x0</page_id>
         <origin>0x20</origin>
         <length>0xffffffe0</length>
         <used_space>0x2f0</used_space>
         <unused_space>0xfffffcf0</unused_space>
         <attributes>RWIX</attributes>
         <usage_details>
            <allocated_space>
               <start_address>0x20</start_address>
               <size>0x0</size>
               <logical_group_ref idref="lg-12e"/>
            </allocated_space>
            <allocated_space>
               <start_address>0x20</start_address>
               <size>0xf0</size>
               <logical_group_ref idref="lg-126"/>
            </allocated_space>
            <allocated_space>
               <start_address>0x110</start_address>
               <size>0x200</size>
               <logical_group_ref idref="lg-14a"/>
            </allocated_space>
            <available_space>
               <start_address>0x310</start_address>
               <size>0xfffffcf0</size>
            </available_space>
         </usage_details>
      </memory_area>
   </placement_map>
   <symbol_table>
      <symbol id="sm-1">
         <name>__start___llvm_prf_cnts</name>
         <value>0x20</value>
      </symbol>
      <symbol id="sm-2">
         <name>__stop___llvm_prf_cnts</name>
         <value>0x20</value>
      </symbol>
      <symbol id="sm-3">
         <name>binit</name>
         <value>0xffffffff</value>
      </symbol>
      <symbol id="sm-4">
         <name>__binit__</name>
         <value>0xffffffff</value>
      </symbol>
      <symbol id="sm-5">
         <name>__STACK_SIZE</name>
         <value>0x200</value>
      </symbol>
      <symbol id="sm-6">
         <name>__STACK_END</name>
         <value>0x310</value>
      </symbol>
      <symbol id="sm-7">
         <name>__c_args__</name>
         <value>0xffffffff</value>
      </symbol>
      <symbol id="sm-8">
         <name>__TI_pprof_out_hndl</name>
         <value>0xffffffff</value>
      </symbol>
      <symbol id="sm-9">
         <name>__TI_prof_data_start</name>
         <value>0xffffffff</value>
      </symbol>
      <symbol id="sm-a">
         <name>__TI_prof_data_size</name>
         <value>0xffffffff</value>
      </symbol>
      <symbol id="sm-b">
         <name>__TI_static_base__</name>
         <value>0x20</value>
      </symbol>
      <symbol id="sm-3f">
         <name>main</name>
         <value>0x21</value>
         <object_component_ref idref="oc-75"/>
      </symbol>
      <symbol id="sm-56">
         <name>_c_int00_noinit_noargs</name>
         <value>0xdd</value>
         <object_component_ref idref="oc-3a"/>
      </symbol>
      <symbol id="sm-57">
         <name>__stack</name>
         <value>0x110</value>
         <object_component_ref idref="oc-14"/>
      </symbol>
      <symbol id="sm-64">
         <name>_system_pre_init</name>
         <value>0x109</value>
         <object_component_ref idref="oc-6f"/>
      </symbol>
      <symbol id="sm-70">
         <name>C$$EXIT</name>
         <value>0x10d</value>
         <object_component_ref idref="oc-98"/>
      </symbol>
      <symbol id="sm-71">
         <name>abort</name>
         <value>0x10d</value>
         <object_component_ref idref="oc-98"/>
      </symbol>
      <symbol id="sm-74">
         <name>__mpu_init</name>
         <value>0x0</value>
      </symbol>
   </symbol_table>
   <title>Link successful</title>
</link_info>
